id,timestamp,device,config,model,quant,prompt_len,output_len,ttft,tokens_per_sec,power_draw_mw,llama_cpp_commit,notes,laptop_gpu_power_mw,phone_battery_power_mw,status
2,2026-07-16T10:55:54.062+00:00,rtx-4050-laptop,laptop-only,Qwen3-0.6B,Q4_0,9,64,2.661759,177.6,9327.097,e920c523e3b8a0163fe498af5bf90df35ff51d25,ttft=first non-whitespace byte; tps=llama.cpp eval timing,,,valid
3,2026-07-16T10:56:28.425+00:00,rtx-4050-laptop,laptop-only,Qwen3-0.6B,Q8_0,9,64,1.788383,193.3,10975.0,e920c523e3b8a0163fe498af5bf90df35ff51d25,ttft=first non-whitespace byte; tps=llama.cpp eval timing,,,valid
4,2026-07-16T11:03:05.597+00:00,rtx-4050-laptop,laptop-only,Qwen3-0.6B,Q4_K_M,9,64,1.503534,241.0,18187.931,e920c523e3b8a0163fe498af5bf90df35ff51d25,ttft=first generated byte after prompt echo; tps=llama.cpp timing,,,valid
5,2026-07-16T15:26:13.962+00:00,wsl-rtx4050+android-phone,split-v1,Qwen3-0.6B,Q4_K_M,11,16,0.647003,15.738845,,laptop:e920c523e3b8a0163fe498af5bf90df35ff51d25;phone:official-prebuilt-b10034,v1=slot-save-http-upload-slot-restore; state_bytes=1262444; slot=0,,,valid
6,2026-07-17T11:53:45.382+00:00,wsl-rtx4050+android-phone2,split-v2,Qwen3-0.6B,Q4_K_M,11,16,1.939922,8.797009,,laptop:e920c523e3b8a0163fe498af5bf90df35ff51d25;phone:e920c523e3b8a0163fe498af5bf90df35ff51d25;patch:edgesplit-v2,v2=state-seq-ext-raw-tcp-in-process-import; sequence_length=11; inner_state_bytes=1262396; tcp_frame_bytes=1262706; transfer_seconds=1.601684; slot=0,,,valid
7,2026-07-17T12:02:59.640+00:00,wsl-rtx4050+android-phone,split-v1,Qwen3-0.6B,Q4_K_M,11,16,1.335655,8.672326,,laptop:e920c523e3b8a0163fe498af5bf90df35ff51d25;phone:e920c523e3b8a0163fe498af5bf90df35ff51d25;path:v1-file,v1=slot-save-http-upload-slot-restore; state_bytes=1262444; slot=0,,,valid
8,2026-07-17T12:28:37.647+00:00,wsl-rtx4050+android-phone,split-v1,Qwen3-0.6B,Q4_0,11,16,1.594709,9.400429,,laptop:e920c523e3b8a0163fe498af5bf90df35ff51d25;phone:e920c523e3b8a0163fe498af5bf90df35ff51d25;path:v1-file,v1=slot-save-http-upload-slot-restore; state_bytes=1262444; slot=0,,,valid
9,2026-07-17T12:28:39.853+00:00,wsl-rtx4050+android-phone2,split-v2,Qwen3-0.6B,Q4_0,11,16,0.592624,9.248747,,laptop:e920c523e3b8a0163fe498af5bf90df35ff51d25;phone:e920c523e3b8a0163fe498af5bf90df35ff51d25;patch:edgesplit-v2,v2=state-seq-ext-raw-tcp-in-process-import; sequence_length=11; inner_state_bytes=1262396; tcp_frame_bytes=1262706; transfer_seconds=0.294500; slot=0,,,valid
10,2026-07-17T12:34:17.920+00:00,wsl-rtx4050+android-phone,split-v1,Qwen3-0.6B,Q8_0,11,16,1.47834,8.353896,,laptop:e920c523e3b8a0163fe498af5bf90df35ff51d25;phone:e920c523e3b8a0163fe498af5bf90df35ff51d25;path:v1-file,v1=slot-save-http-upload-slot-restore; state_bytes=1262444; slot=0,,,valid
11,2026-07-17T12:34:20.260+00:00,wsl-rtx4050+android-phone2,split-v2,Qwen3-0.6B,Q8_0,11,16,0.564388,8.34024,,laptop:e920c523e3b8a0163fe498af5bf90df35ff51d25;phone:e920c523e3b8a0163fe498af5bf90df35ff51d25;patch:edgesplit-v2,v2=state-seq-ext-raw-tcp-in-process-import; sequence_length=11; inner_state_bytes=1262396; tcp_frame_bytes=1262706; transfer_seconds=0.257536; slot=0,,,valid
12,2026-07-17T12:38:11.211+00:00,wsl-rtx4050+android-phone,split-v1,Qwen3-0.6B,Q4_K_M,11,16,0.584799,8.730922,,laptop:e920c523e3b8a0163fe498af5bf90df35ff51d25;phone:e920c523e3b8a0163fe498af5bf90df35ff51d25;path:v1-file,v1=slot-save-http-upload-slot-restore; state_bytes=1262444; slot=0,,,valid
13,2026-07-17T12:38:13.440+00:00,wsl-rtx4050+android-phone2,split-v2,Qwen3-0.6B,Q4_K_M,11,16,0.538705,8.790484,,laptop:e920c523e3b8a0163fe498af5bf90df35ff51d25;phone:e920c523e3b8a0163fe498af5bf90df35ff51d25;patch:edgesplit-v2,v2=state-seq-ext-raw-tcp-in-process-import; sequence_length=11; inner_state_bytes=1262396; tcp_frame_bytes=1262706; transfer_seconds=0.233332; slot=0,,,valid
16,2026-07-17T18:56:27.563+00:00,wsl-rtx4050+android-phone,split-v1,Qwen3-0.6B,Q4_K_M,11,16,1.75872,8.67251,,laptop:e920c523e3b8a0163fe498af5bf90df35ff51d25;phone:e920c523e3b8a0163fe498af5bf90df35ff51d25;path:v1-file,v1=slot-save-http-upload-slot-restore; state_bytes=1262444; slot=0,,,valid
17,2026-07-17T18:56:29.997+00:00,wsl-rtx4050+android-phone2,split-v2,Qwen3-0.6B,Q4_K_M,11,16,0.737515,8.684386,,laptop:e920c523e3b8a0163fe498af5bf90df35ff51d25;phone:e920c523e3b8a0163fe498af5bf90df35ff51d25;patch:edgesplit-v2,v2=state-seq-ext-raw-tcp-in-process-import; sequence_length=11; inner_state_bytes=1262396; tcp_frame_bytes=1262706; transfer_seconds=0.308933; slot=0,,,valid
18,2026-07-17T18:56:33.416+00:00,wsl-rtx4050+android-phone,split-v1,Qwen3-0.6B,Q4_K_M,11,16,1.469762,8.681041,,laptop:e920c523e3b8a0163fe498af5bf90df35ff51d25;phone:e920c523e3b8a0163fe498af5bf90df35ff51d25;path:v1-file,v1=slot-save-http-upload-slot-restore; state_bytes=1262444; slot=0,,,valid
19,2026-07-17T18:56:35.777+00:00,wsl-rtx4050+android-phone2,split-v2,Qwen3-0.6B,Q4_K_M,11,16,0.675216,8.748246,,laptop:e920c523e3b8a0163fe498af5bf90df35ff51d25;phone:e920c523e3b8a0163fe498af5bf90df35ff51d25;patch:edgesplit-v2,v2=state-seq-ext-raw-tcp-in-process-import; sequence_length=11; inner_state_bytes=1262396; tcp_frame_bytes=1262706; transfer_seconds=0.274148; slot=0,,,valid
20,2026-07-17T18:56:40.975+00:00,wsl-rtx4050+android-phone,split-v1,Qwen3-0.6B,Q4_K_M,11,16,3.251769,8.715053,,laptop:e920c523e3b8a0163fe498af5bf90df35ff51d25;phone:e920c523e3b8a0163fe498af5bf90df35ff51d25;path:v1-file,v1=slot-save-http-upload-slot-restore; state_bytes=1262444; slot=0,,,valid
21,2026-07-17T18:56:43.310+00:00,wsl-rtx4050+android-phone2,split-v2,Qwen3-0.6B,Q4_K_M,11,16,0.657702,8.790562,,laptop:e920c523e3b8a0163fe498af5bf90df35ff51d25;phone:e920c523e3b8a0163fe498af5bf90df35ff51d25;patch:edgesplit-v2,v2=state-seq-ext-raw-tcp-in-process-import; sequence_length=11; inner_state_bytes=1262396; tcp_frame_bytes=1262706; transfer_seconds=0.278476; slot=0,,,valid
22,2026-07-17T18:56:52.383+00:00,wsl-rtx4050+android-phone,split-v1,Qwen3-0.6B,Q4_K_M,11,16,4.198301,8.745277,,laptop:e920c523e3b8a0163fe498af5bf90df35ff51d25;phone:e920c523e3b8a0163fe498af5bf90df35ff51d25;path:v1-file,v1=slot-save-http-upload-slot-restore; state_bytes=1262444; slot=0,,,valid
23,2026-07-17T18:56:54.631+00:00,wsl-rtx4050+android-phone2,split-v2,Qwen3-0.6B,Q4_K_M,11,16,0.580712,8.837626,,laptop:e920c523e3b8a0163fe498af5bf90df35ff51d25;phone:e920c523e3b8a0163fe498af5bf90df35ff51d25;patch:edgesplit-v2,v2=state-seq-ext-raw-tcp-in-process-import; sequence_length=11; inner_state_bytes=1262396; tcp_frame_bytes=1262706; transfer_seconds=0.223769; slot=0,,,valid
24,2026-07-17T18:57:00.097+00:00,wsl-rtx4050+android-phone,split-v1,Qwen3-0.6B,Q4_K_M,11,16,3.512306,8.660732,,laptop:e920c523e3b8a0163fe498af5bf90df35ff51d25;phone:e920c523e3b8a0163fe498af5bf90df35ff51d25;path:v1-file,v1=slot-save-http-upload-slot-restore; state_bytes=1262444; slot=0,,,valid
25,2026-07-17T18:57:02.522+00:00,wsl-rtx4050+android-phone2,split-v2,Qwen3-0.6B,Q4_K_M,11,16,0.731927,8.720382,,laptop:e920c523e3b8a0163fe498af5bf90df35ff51d25;phone:e920c523e3b8a0163fe498af5bf90df35ff51d25;patch:edgesplit-v2,v2=state-seq-ext-raw-tcp-in-process-import; sequence_length=11; inner_state_bytes=1262396; tcp_frame_bytes=1262706; transfer_seconds=0.317057; slot=0,,,valid
28,2026-07-17T19:00:33.238+00:00,wsl-rtx4050+android-phone,split-v1,Qwen3-0.6B,Q4_0,11,16,1.817211,9.31973,,laptop:e920c523e3b8a0163fe498af5bf90df35ff51d25;phone:e920c523e3b8a0163fe498af5bf90df35ff51d25;path:v1-file,v1=slot-save-http-upload-slot-restore; state_bytes=1262444; slot=0,,,valid
29,2026-07-17T19:00:35.422+00:00,wsl-rtx4050+android-phone2,split-v2,Qwen3-0.6B,Q4_0,11,16,0.605118,9.365713,,laptop:e920c523e3b8a0163fe498af5bf90df35ff51d25;phone:e920c523e3b8a0163fe498af5bf90df35ff51d25;patch:edgesplit-v2,v2=state-seq-ext-raw-tcp-in-process-import; sequence_length=11; inner_state_bytes=1262396; tcp_frame_bytes=1262706; transfer_seconds=0.269272; slot=0,,,valid
30,2026-07-17T19:00:38.081+00:00,wsl-rtx4050+android-phone,split-v1,Qwen3-0.6B,Q4_0,11,16,0.752003,8.980354,,laptop:e920c523e3b8a0163fe498af5bf90df35ff51d25;phone:e920c523e3b8a0163fe498af5bf90df35ff51d25;path:v1-file,v1=slot-save-http-upload-slot-restore; state_bytes=1262444; slot=0,,,valid
31,2026-07-17T19:00:40.357+00:00,wsl-rtx4050+android-phone2,split-v2,Qwen3-0.6B,Q4_0,11,16,0.670959,9.202246,,laptop:e920c523e3b8a0163fe498af5bf90df35ff51d25;phone:e920c523e3b8a0163fe498af5bf90df35ff51d25;patch:edgesplit-v2,v2=state-seq-ext-raw-tcp-in-process-import; sequence_length=11; inner_state_bytes=1262396; tcp_frame_bytes=1262706; transfer_seconds=0.249025; slot=0,,,valid
32,2026-07-17T19:00:46.265+00:00,wsl-rtx4050+android-phone,split-v1,Qwen3-0.6B,Q4_0,11,16,4.047947,9.130534,,laptop:e920c523e3b8a0163fe498af5bf90df35ff51d25;phone:e920c523e3b8a0163fe498af5bf90df35ff51d25;path:v1-file,v1=slot-save-http-upload-slot-restore; state_bytes=1262444; slot=0,,,valid
33,2026-07-17T19:00:48.401+00:00,wsl-rtx4050+android-phone2,split-v2,Qwen3-0.6B,Q4_0,11,16,0.555696,9.347045,,laptop:e920c523e3b8a0163fe498af5bf90df35ff51d25;phone:e920c523e3b8a0163fe498af5bf90df35ff51d25;patch:edgesplit-v2,v2=state-seq-ext-raw-tcp-in-process-import; sequence_length=11; inner_state_bytes=1262396; tcp_frame_bytes=1262706; transfer_seconds=0.235224; slot=0,,,valid
34,2026-07-17T19:00:54.784+00:00,wsl-rtx4050+android-phone,split-v1,Qwen3-0.6B,Q4_0,11,16,1.494109,8.67275,,laptop:e920c523e3b8a0163fe498af5bf90df35ff51d25;phone:e920c523e3b8a0163fe498af5bf90df35ff51d25;path:v1-file,v1=slot-save-http-upload-slot-restore; state_bytes=1262444; slot=0,,,valid
35,2026-07-17T19:00:57.201+00:00,wsl-rtx4050+android-phone2,split-v2,Qwen3-0.6B,Q4_0,11,16,0.651872,8.361816,,laptop:e920c523e3b8a0163fe498af5bf90df35ff51d25;phone:e920c523e3b8a0163fe498af5bf90df35ff51d25;patch:edgesplit-v2,v2=state-seq-ext-raw-tcp-in-process-import; sequence_length=11; inner_state_bytes=1262396; tcp_frame_bytes=1262706; transfer_seconds=0.254362; slot=0,,,valid
36,2026-07-17T19:01:03.138+00:00,wsl-rtx4050+android-phone,split-v1,Qwen3-0.6B,Q4_0,11,16,4.05373,9.037414,,laptop:e920c523e3b8a0163fe498af5bf90df35ff51d25;phone:e920c523e3b8a0163fe498af5bf90df35ff51d25;path:v1-file,v1=slot-save-http-upload-slot-restore; state_bytes=1262444; slot=0,,,valid
37,2026-07-17T19:01:05.476+00:00,wsl-rtx4050+android-phone2,split-v2,Qwen3-0.6B,Q4_0,11,16,0.583891,8.423132,,laptop:e920c523e3b8a0163fe498af5bf90df35ff51d25;phone:e920c523e3b8a0163fe498af5bf90df35ff51d25;patch:edgesplit-v2,v2=state-seq-ext-raw-tcp-in-process-import; sequence_length=11; inner_state_bytes=1262396; tcp_frame_bytes=1262706; transfer_seconds=0.217886; slot=0,,,valid
40,2026-07-17T19:02:53.467+00:00,wsl-rtx4050+android-phone,split-v1,Qwen3-0.6B,Q8_0,11,16,3.197162,8.137508,,laptop:e920c523e3b8a0163fe498af5bf90df35ff51d25;phone:e920c523e3b8a0163fe498af5bf90df35ff51d25;path:v1-file,v1=slot-save-http-upload-slot-restore; state_bytes=1262444; slot=0,,,valid
41,2026-07-17T19:02:55.807+00:00,wsl-rtx4050+android-phone2,split-v2,Qwen3-0.6B,Q8_0,11,16,0.587392,8.41115,,laptop:e920c523e3b8a0163fe498af5bf90df35ff51d25;phone:e920c523e3b8a0163fe498af5bf90df35ff51d25;patch:edgesplit-v2,v2=state-seq-ext-raw-tcp-in-process-import; sequence_length=11; inner_state_bytes=1262396; tcp_frame_bytes=1262706; transfer_seconds=0.220860; slot=0,,,valid
42,2026-07-17T19:03:01.885+00:00,wsl-rtx4050+android-phone,split-v1,Qwen3-0.6B,Q8_0,11,16,4.075691,8.390093,,laptop:e920c523e3b8a0163fe498af5bf90df35ff51d25;phone:e920c523e3b8a0163fe498af5bf90df35ff51d25;path:v1-file,v1=slot-save-http-upload-slot-restore; state_bytes=1262444; slot=0,,,valid
43,2026-07-17T19:03:04.317+00:00,wsl-rtx4050+android-phone2,split-v2,Qwen3-0.6B,Q8_0,11,16,0.658665,8.31019,,laptop:e920c523e3b8a0163fe498af5bf90df35ff51d25;phone:e920c523e3b8a0163fe498af5bf90df35ff51d25;patch:edgesplit-v2,v2=state-seq-ext-raw-tcp-in-process-import; sequence_length=11; inner_state_bytes=1262396; tcp_frame_bytes=1262706; transfer_seconds=0.249344; slot=0,,,valid
44,2026-07-17T19:03:07.102+00:00,wsl-rtx4050+android-phone,split-v1,Qwen3-0.6B,Q8_0,11,16,0.741101,8.21721,,laptop:e920c523e3b8a0163fe498af5bf90df35ff51d25;phone:e920c523e3b8a0163fe498af5bf90df35ff51d25;path:v1-file,v1=slot-save-http-upload-slot-restore; state_bytes=1262444; slot=0,,,valid
45,2026-07-17T19:03:09.672+00:00,wsl-rtx4050+android-phone2,split-v2,Qwen3-0.6B,Q8_0,11,16,0.681097,7.803078,,laptop:e920c523e3b8a0163fe498af5bf90df35ff51d25;phone:e920c523e3b8a0163fe498af5bf90df35ff51d25;patch:edgesplit-v2,v2=state-seq-ext-raw-tcp-in-process-import; sequence_length=11; inner_state_bytes=1262396; tcp_frame_bytes=1262706; transfer_seconds=0.283558; slot=0,,,valid
46,2026-07-17T19:03:16.231+00:00,wsl-rtx4050+android-phone,split-v1,Qwen3-0.6B,Q8_0,11,16,1.520729,8.00353,,laptop:e920c523e3b8a0163fe498af5bf90df35ff51d25;phone:e920c523e3b8a0163fe498af5bf90df35ff51d25;path:v1-file,v1=slot-save-http-upload-slot-restore; state_bytes=1262444; slot=0,,,valid
47,2026-07-17T19:03:18.900+00:00,wsl-rtx4050+android-phone2,split-v2,Qwen3-0.6B,Q8_0,11,16,0.731333,7.587951,,laptop:e920c523e3b8a0163fe498af5bf90df35ff51d25;phone:e920c523e3b8a0163fe498af5bf90df35ff51d25;patch:edgesplit-v2,v2=state-seq-ext-raw-tcp-in-process-import; sequence_length=11; inner_state_bytes=1262396; tcp_frame_bytes=1262706; transfer_seconds=0.339303; slot=0,,,valid
48,2026-07-17T19:03:23.733+00:00,wsl-rtx4050+android-phone,split-v1,Qwen3-0.6B,Q8_0,11,16,2.768572,8.105682,,laptop:e920c523e3b8a0163fe498af5bf90df35ff51d25;phone:e920c523e3b8a0163fe498af5bf90df35ff51d25;path:v1-file,v1=slot-save-http-upload-slot-restore; state_bytes=1262444; slot=0,,,valid
49,2026-07-17T19:03:26.749+00:00,wsl-rtx4050+android-phone2,split-v2,Qwen3-0.6B,Q8_0,11,16,0.772927,6.570213,,laptop:e920c523e3b8a0163fe498af5bf90df35ff51d25;phone:e920c523e3b8a0163fe498af5bf90df35ff51d25;patch:edgesplit-v2,v2=state-seq-ext-raw-tcp-in-process-import; sequence_length=11; inner_state_bytes=1262396; tcp_frame_bytes=1262706; transfer_seconds=0.331149; slot=0,,,valid
50,2026-07-17T22:04:54.203+00:00,rtx-4050-laptop,laptop-only,Llama-3.2-1B-Instruct,Q4_0,9,64,2.806014,171.7,,e920c523e3b8a0163fe498af5bf90df35ff51d25,ttft=first generated byte after prompt echo; tps=llama.cpp timing; threads=default; threads_batch=default,,,valid
51,2026-07-17T22:04:57.061+00:00,rtx-4050-laptop,laptop-only,Llama-3.2-1B-Instruct,Q4_K_M,9,64,2.343214,176.7,,e920c523e3b8a0163fe498af5bf90df35ff51d25,ttft=first generated byte after prompt echo; tps=llama.cpp timing; threads=default; threads_batch=default,,,valid
52,2026-07-17T22:04:59.920+00:00,rtx-4050-laptop,laptop-only,Llama-3.2-1B-Instruct,Q8_0,9,64,2.269317,122.5,,e920c523e3b8a0163fe498af5bf90df35ff51d25,ttft=first generated byte after prompt echo; tps=llama.cpp timing; threads=default; threads_batch=default,,,valid
55,2026-07-17T22:23:56.730+00:00,wsl-rtx4050+android-phone,split-v1,Llama-3.2-1B-Instruct,Q4_K_M,12,64,0.73237,2.907594,,laptop:e920c523e3b8a0163fe498af5bf90df35ff51d25;phone:e920c523e3b8a0163fe498af5bf90df35ff51d25,v1=slot-save-http-upload-slot-restore; state_bytes=393820; slot=0,,,valid
56,2026-07-17T22:24:23.395+00:00,wsl-rtx4050+android-phone2,split-v2,Llama-3.2-1B-Instruct,Q4_K_M,12,64,0.747661,2.560882,,laptop:e920c523e3b8a0163fe498af5bf90df35ff51d25;phone:e920c523e3b8a0163fe498af5bf90df35ff51d25;patch:edgesplit-v2,v2=state-seq-ext-raw-tcp-in-process-import; sequence_length=12; inner_state_bytes=393768; tcp_frame_bytes=394093; transfer_seconds=0.143616; slot=0,,,valid
57,2026-07-17T22:24:49.732+00:00,wsl-rtx4050+android-phone,split-v1,Llama-3.2-1B-Instruct,Q4_K_M,12,64,0.747131,2.626035,,laptop:e920c523e3b8a0163fe498af5bf90df35ff51d25;phone:e920c523e3b8a0163fe498af5bf90df35ff51d25,v1=slot-save-http-upload-slot-restore; state_bytes=393820; slot=0,,,valid
58,2026-07-17T22:25:14.956+00:00,wsl-rtx4050+android-phone2,split-v2,Llama-3.2-1B-Instruct,Q4_K_M,12,64,0.778522,2.732177,,laptop:e920c523e3b8a0163fe498af5bf90df35ff51d25;phone:e920c523e3b8a0163fe498af5bf90df35ff51d25;patch:edgesplit-v2,v2=state-seq-ext-raw-tcp-in-process-import; sequence_length=12; inner_state_bytes=393768; tcp_frame_bytes=394093; transfer_seconds=0.168729; slot=0,,,valid
59,2026-07-17T22:25:39.266+00:00,wsl-rtx4050+android-phone,split-v1,Llama-3.2-1B-Instruct,Q4_K_M,12,64,0.846935,2.530668,,laptop:e920c523e3b8a0163fe498af5bf90df35ff51d25;phone:e920c523e3b8a0163fe498af5bf90df35ff51d25,v1=slot-save-http-upload-slot-restore; state_bytes=393820; slot=0,,,valid
60,2026-07-17T22:26:06.033+00:00,wsl-rtx4050+android-phone2,split-v2,Llama-3.2-1B-Instruct,Q4_K_M,12,64,0.833995,2.554014,,laptop:e920c523e3b8a0163fe498af5bf90df35ff51d25;phone:e920c523e3b8a0163fe498af5bf90df35ff51d25;patch:edgesplit-v2,v2=state-seq-ext-raw-tcp-in-process-import; sequence_length=12; inner_state_bytes=393768; tcp_frame_bytes=394093; transfer_seconds=0.195220; slot=0,,,valid
61,2026-07-17T22:26:32.640+00:00,wsl-rtx4050+android-phone,split-v1,Llama-3.2-1B-Instruct,Q4_K_M,12,64,0.874265,2.607938,,laptop:e920c523e3b8a0163fe498af5bf90df35ff51d25;phone:e920c523e3b8a0163fe498af5bf90df35ff51d25,v1=slot-save-http-upload-slot-restore; state_bytes=393820; slot=0,,,valid
62,2026-07-17T22:26:58.550+00:00,wsl-rtx4050+android-phone2,split-v2,Llama-3.2-1B-Instruct,Q4_K_M,12,64,0.761921,2.644441,,laptop:e920c523e3b8a0163fe498af5bf90df35ff51d25;phone:e920c523e3b8a0163fe498af5bf90df35ff51d25;patch:edgesplit-v2,v2=state-seq-ext-raw-tcp-in-process-import; sequence_length=12; inner_state_bytes=393768; tcp_frame_bytes=394093; transfer_seconds=0.172506; slot=0,,,valid
63,2026-07-17T22:27:22.647+00:00,wsl-rtx4050+android-phone,split-v1,Llama-3.2-1B-Instruct,Q4_K_M,12,64,0.653047,2.533108,,laptop:e920c523e3b8a0163fe498af5bf90df35ff51d25;phone:e920c523e3b8a0163fe498af5bf90df35ff51d25,v1=slot-save-http-upload-slot-restore; state_bytes=393820; slot=0,,,valid
64,2026-07-17T22:27:50.595+00:00,wsl-rtx4050+android-phone2,split-v2,Llama-3.2-1B-Instruct,Q4_K_M,12,64,0.648392,2.410545,,laptop:e920c523e3b8a0163fe498af5bf90df35ff51d25;phone:e920c523e3b8a0163fe498af5bf90df35ff51d25;patch:edgesplit-v2,v2=state-seq-ext-raw-tcp-in-process-import; sequence_length=12; inner_state_bytes=393768; tcp_frame_bytes=394093; transfer_seconds=0.118668; slot=0,,,valid
67,2026-07-18T06:29:42.347+00:00,wsl-rtx4050+android-phone,split-v1,Llama-3.2-1B-Instruct,Q4_0,12,64,0.70312,3.392078,,laptop:e920c523e3b8a0163fe498af5bf90df35ff51d25;phone:e920c523e3b8a0163fe498af5bf90df35ff51d25,v1=slot-save-http-upload-slot-restore; state_bytes=393820; slot=0,,,valid
68,2026-07-18T06:30:03.315+00:00,wsl-rtx4050+android-phone2,split-v2,Llama-3.2-1B-Instruct,Q4_0,12,64,0.638157,3.374124,,laptop:e920c523e3b8a0163fe498af5bf90df35ff51d25;phone:e920c523e3b8a0163fe498af5bf90df35ff51d25;patch:edgesplit-v2,v2=state-seq-ext-raw-tcp-in-process-import; sequence_length=12; inner_state_bytes=393768; tcp_frame_bytes=394093; transfer_seconds=0.106274; slot=0,,,valid
69,2026-07-18T06:30:21.505+00:00,wsl-rtx4050+android-phone,split-v1,Llama-3.2-1B-Instruct,Q4_0,12,64,0.625993,3.392949,,laptop:e920c523e3b8a0163fe498af5bf90df35ff51d25;phone:e920c523e3b8a0163fe498af5bf90df35ff51d25,v1=slot-save-http-upload-slot-restore; state_bytes=393820; slot=0,,,valid
70,2026-07-18T06:30:42.384+00:00,wsl-rtx4050+android-phone2,split-v2,Llama-3.2-1B-Instruct,Q4_0,12,64,0.645274,3.392009,,laptop:e920c523e3b8a0163fe498af5bf90df35ff51d25;phone:e920c523e3b8a0163fe498af5bf90df35ff51d25;patch:edgesplit-v2,v2=state-seq-ext-raw-tcp-in-process-import; sequence_length=12; inner_state_bytes=393768; tcp_frame_bytes=394093; transfer_seconds=0.104108; slot=0,,,valid
71,2026-07-18T06:31:02.368+00:00,wsl-rtx4050+android-phone,split-v1,Llama-3.2-1B-Instruct,Q4_0,12,64,0.610352,3.071269,,laptop:e920c523e3b8a0163fe498af5bf90df35ff51d25;phone:e920c523e3b8a0163fe498af5bf90df35ff51d25,v1=slot-save-http-upload-slot-restore; state_bytes=393820; slot=0,,,valid
72,2026-07-18T06:31:23.376+00:00,wsl-rtx4050+android-phone2,split-v2,Llama-3.2-1B-Instruct,Q4_0,12,64,0.758012,3.38795,,laptop:e920c523e3b8a0163fe498af5bf90df35ff51d25;phone:e920c523e3b8a0163fe498af5bf90df35ff51d25;patch:edgesplit-v2,v2=state-seq-ext-raw-tcp-in-process-import; sequence_length=12; inner_state_bytes=393768; tcp_frame_bytes=394093; transfer_seconds=0.177899; slot=0,,,valid
73,2026-07-18T06:31:41.904+00:00,wsl-rtx4050+android-phone,split-v1,Llama-3.2-1B-Instruct,Q4_0,12,64,0.798396,3.358233,,laptop:e920c523e3b8a0163fe498af5bf90df35ff51d25;phone:e920c523e3b8a0163fe498af5bf90df35ff51d25,v1=slot-save-http-upload-slot-restore; state_bytes=393820; slot=0,,,valid
74,2026-07-18T06:32:03.457+00:00,wsl-rtx4050+android-phone2,split-v2,Llama-3.2-1B-Instruct,Q4_0,12,64,0.568239,3.254681,,laptop:e920c523e3b8a0163fe498af5bf90df35ff51d25;phone:e920c523e3b8a0163fe498af5bf90df35ff51d25;patch:edgesplit-v2,v2=state-seq-ext-raw-tcp-in-process-import; sequence_length=12; inner_state_bytes=393768; tcp_frame_bytes=394093; transfer_seconds=0.085757; slot=0,,,valid
75,2026-07-18T06:32:22.949+00:00,wsl-rtx4050+android-phone,split-v1,Llama-3.2-1B-Instruct,Q4_0,12,64,1.458128,3.302903,,laptop:e920c523e3b8a0163fe498af5bf90df35ff51d25;phone:e920c523e3b8a0163fe498af5bf90df35ff51d25,v1=slot-save-http-upload-slot-restore; state_bytes=393820; slot=0,,,valid
76,2026-07-18T06:32:41.953+00:00,wsl-rtx4050+android-phone2,split-v2,Llama-3.2-1B-Instruct,Q4_0,12,64,0.686259,3.205548,,laptop:e920c523e3b8a0163fe498af5bf90df35ff51d25;phone:e920c523e3b8a0163fe498af5bf90df35ff51d25;patch:edgesplit-v2,v2=state-seq-ext-raw-tcp-in-process-import; sequence_length=12; inner_state_bytes=393768; tcp_frame_bytes=394093; transfer_seconds=0.124275; slot=0,,,valid
79,2026-07-18T06:36:27.453+00:00,wsl-rtx4050+android-phone,split-v1,Llama-3.2-1B-Instruct,Q8_0,12,64,0.825279,3.092694,,laptop:e920c523e3b8a0163fe498af5bf90df35ff51d25;phone:e920c523e3b8a0163fe498af5bf90df35ff51d25,v1=slot-save-http-upload-slot-restore; state_bytes=393820; slot=0,,,valid
80,2026-07-18T06:36:50.929+00:00,wsl-rtx4050+android-phone2,split-v2,Llama-3.2-1B-Instruct,Q8_0,12,64,0.749836,2.965201,,laptop:e920c523e3b8a0163fe498af5bf90df35ff51d25;phone:e920c523e3b8a0163fe498af5bf90df35ff51d25;patch:edgesplit-v2,v2=state-seq-ext-raw-tcp-in-process-import; sequence_length=12; inner_state_bytes=393768; tcp_frame_bytes=394093; transfer_seconds=0.100878; slot=0,,,valid
81,2026-07-18T06:37:12.214+00:00,wsl-rtx4050+android-phone,split-v1,Llama-3.2-1B-Instruct,Q8_0,12,64,0.956176,2.924129,,laptop:e920c523e3b8a0163fe498af5bf90df35ff51d25;phone:e920c523e3b8a0163fe498af5bf90df35ff51d25,v1=slot-save-http-upload-slot-restore; state_bytes=393820; slot=0,,,valid
82,2026-07-18T06:37:38.293+00:00,wsl-rtx4050+android-phone2,split-v2,Llama-3.2-1B-Instruct,Q8_0,12,64,0.725934,2.621147,,laptop:e920c523e3b8a0163fe498af5bf90df35ff51d25;phone:e920c523e3b8a0163fe498af5bf90df35ff51d25;patch:edgesplit-v2,v2=state-seq-ext-raw-tcp-in-process-import; sequence_length=12; inner_state_bytes=393768; tcp_frame_bytes=394093; transfer_seconds=0.111741; slot=0,,,valid
83,2026-07-18T06:38:02.933+00:00,wsl-rtx4050+android-phone,split-v1,Llama-3.2-1B-Instruct,Q8_0,12,64,1.55742,2.954134,,laptop:e920c523e3b8a0163fe498af5bf90df35ff51d25;phone:e920c523e3b8a0163fe498af5bf90df35ff51d25,v1=slot-save-http-upload-slot-restore; state_bytes=393820; slot=0,,,valid
84,2026-07-18T06:38:28.411+00:00,wsl-rtx4050+android-phone2,split-v2,Llama-3.2-1B-Instruct,Q8_0,12,64,0.690887,2.686144,,laptop:e920c523e3b8a0163fe498af5bf90df35ff51d25;phone:e920c523e3b8a0163fe498af5bf90df35ff51d25;patch:edgesplit-v2,v2=state-seq-ext-raw-tcp-in-process-import; sequence_length=12; inner_state_bytes=393768; tcp_frame_bytes=394093; transfer_seconds=0.113703; slot=0,,,valid
85,2026-07-18T06:38:52.660+00:00,wsl-rtx4050+android-phone,split-v1,Llama-3.2-1B-Instruct,Q8_0,12,64,1.12336,2.565885,,laptop:e920c523e3b8a0163fe498af5bf90df35ff51d25;phone:e920c523e3b8a0163fe498af5bf90df35ff51d25,v1=slot-save-http-upload-slot-restore; state_bytes=393820; slot=0,,,valid
86,2026-07-18T06:39:17.687+00:00,wsl-rtx4050+android-phone2,split-v2,Llama-3.2-1B-Instruct,Q8_0,12,64,0.726022,2.746983,,laptop:e920c523e3b8a0163fe498af5bf90df35ff51d25;phone:e920c523e3b8a0163fe498af5bf90df35ff51d25;patch:edgesplit-v2,v2=state-seq-ext-raw-tcp-in-process-import; sequence_length=12; inner_state_bytes=393768; tcp_frame_bytes=394093; transfer_seconds=0.107012; slot=0,,,valid
87,2026-07-18T06:39:45.283+00:00,wsl-rtx4050+android-phone,split-v1,Llama-3.2-1B-Instruct,Q8_0,12,64,1.670725,2.580338,,laptop:e920c523e3b8a0163fe498af5bf90df35ff51d25;phone:e920c523e3b8a0163fe498af5bf90df35ff51d25,v1=slot-save-http-upload-slot-restore; state_bytes=393820; slot=0,,,valid
88,2026-07-18T06:40:06.985+00:00,wsl-rtx4050+android-phone2,split-v2,Llama-3.2-1B-Instruct,Q8_0,12,64,0.722222,2.797847,,laptop:e920c523e3b8a0163fe498af5bf90df35ff51d25;phone:e920c523e3b8a0163fe498af5bf90df35ff51d25;patch:edgesplit-v2,v2=state-seq-ext-raw-tcp-in-process-import; sequence_length=12; inner_state_bytes=393768; tcp_frame_bytes=394093; transfer_seconds=0.117864; slot=0,,,valid
103,2026-07-18T09:48:20.997+00:00,wsl-rtx4050+android-phone,split-v1,Llama-3.2-1B-Instruct,Q8_0,12,64,0.715397,2.531365,,laptop:e920c523e3b8a0163fe498af5bf90df35ff51d25;phone:e920c523e3b8a0163fe498af5bf90df35ff51d25,v1=slot-save-http-upload-slot-restore; state_bytes=393820; slot=0,2616.7763157894738,,valid
104,2026-07-18T09:48:49.037+00:00,wsl-rtx4050+android-phone2,split-v2,Llama-3.2-1B-Instruct,Q8_0,12,64,0.901855,2.372301,,laptop:e920c523e3b8a0163fe498af5bf90df35ff51d25;phone:e920c523e3b8a0163fe498af5bf90df35ff51d25;patch:edgesplit-v2,v2=state-seq-ext-raw-tcp-in-process-import; sequence_length=12; inner_state_bytes=393768; tcp_frame_bytes=394093; transfer_seconds=0.238452; slot=0,2817.2027972027972,,valid
105,2026-07-18T09:49:20.269+00:00,wsl-rtx4050+android-phone,split-v1,Llama-3.2-1B-Instruct,Q8_0,12,64,0.762377,2.156651,,laptop:e920c523e3b8a0163fe498af5bf90df35ff51d25;phone:e920c523e3b8a0163fe498af5bf90df35ff51d25,v1=slot-save-http-upload-slot-restore; state_bytes=393820; slot=0,1771.1764705882354,,valid
106,2026-07-18T09:49:48.162+00:00,wsl-rtx4050+android-phone2,split-v2,Llama-3.2-1B-Instruct,Q8_0,12,64,0.723342,2.164015,,laptop:e920c523e3b8a0163fe498af5bf90df35ff51d25;phone:e920c523e3b8a0163fe498af5bf90df35ff51d25;patch:edgesplit-v2,v2=state-seq-ext-raw-tcp-in-process-import; sequence_length=12; inner_state_bytes=393768; tcp_frame_bytes=394093; transfer_seconds=0.128304; slot=0,1751.1801242236024,,valid
107,2026-07-18T09:50:17.605+00:00,wsl-rtx4050+android-phone,split-v1,Llama-3.2-1B-Instruct,Q8_0,12,64,0.804208,2.310212,,laptop:e920c523e3b8a0163fe498af5bf90df35ff51d25;phone:e920c523e3b8a0163fe498af5bf90df35ff51d25,v1=slot-save-http-upload-slot-restore; state_bytes=393820; slot=0,2189.186046511628,,valid
108,2026-07-18T09:50:46.926+00:00,wsl-rtx4050+android-phone2,split-v2,Llama-3.2-1B-Instruct,Q8_0,12,64,0.690019,2.293462,,laptop:e920c523e3b8a0163fe498af5bf90df35ff51d25;phone:e920c523e3b8a0163fe498af5bf90df35ff51d25;patch:edgesplit-v2,v2=state-seq-ext-raw-tcp-in-process-import; sequence_length=12; inner_state_bytes=393768; tcp_frame_bytes=394093; transfer_seconds=0.104263; slot=0,1734.764705882353,,valid
109,2026-07-18T09:51:17.120+00:00,wsl-rtx4050+android-phone,split-v1,Llama-3.2-1B-Instruct,Q8_0,12,64,0.840947,2.249051,,laptop:e920c523e3b8a0163fe498af5bf90df35ff51d25;phone:e920c523e3b8a0163fe498af5bf90df35ff51d25,v1=slot-save-http-upload-slot-restore; state_bytes=393820; slot=0,1825.1923076923076,,valid
110,2026-07-18T09:51:47.406+00:00,wsl-rtx4050+android-phone2,split-v2,Llama-3.2-1B-Instruct,Q8_0,12,64,0.795956,2.21628,,laptop:e920c523e3b8a0163fe498af5bf90df35ff51d25;phone:e920c523e3b8a0163fe498af5bf90df35ff51d25;patch:edgesplit-v2,v2=state-seq-ext-raw-tcp-in-process-import; sequence_length=12; inner_state_bytes=393768; tcp_frame_bytes=394093; transfer_seconds=0.173605; slot=0,2540.714285714286,,valid
111,2026-07-18T09:52:16.449+00:00,wsl-rtx4050+android-phone,split-v1,Llama-3.2-1B-Instruct,Q8_0,12,64,0.744768,2.34254,,laptop:e920c523e3b8a0163fe498af5bf90df35ff51d25;phone:e920c523e3b8a0163fe498af5bf90df35ff51d25,v1=slot-save-http-upload-slot-restore; state_bytes=393820; slot=0,1711.3664596273293,,valid
112,2026-07-18T09:52:43.932+00:00,wsl-rtx4050+android-phone2,split-v2,Llama-3.2-1B-Instruct,Q8_0,12,64,0.691932,2.197039,,laptop:e920c523e3b8a0163fe498af5bf90df35ff51d25;phone:e920c523e3b8a0163fe498af5bf90df35ff51d25;patch:edgesplit-v2,v2=state-seq-ext-raw-tcp-in-process-import; sequence_length=12; inner_state_bytes=393768; tcp_frame_bytes=394093; transfer_seconds=0.100927; slot=0,2627.8443113772455,,valid
115,2026-07-18T09:57:29.347+00:00,wsl-rtx4050+android-phone,split-v1,Llama-3.2-1B-Instruct,Q4_K_M,12,64,0.705252,3.034931,,laptop:e920c523e3b8a0163fe498af5bf90df35ff51d25;phone:e920c523e3b8a0163fe498af5bf90df35ff51d25,v1=slot-save-http-upload-slot-restore; state_bytes=393820; slot=0,1806.0629921259842,,valid
116,2026-07-18T09:57:52.807+00:00,wsl-rtx4050+android-phone2,split-v2,Llama-3.2-1B-Instruct,Q4_K_M,12,64,0.607139,2.954495,,laptop:e920c523e3b8a0163fe498af5bf90df35ff51d25;phone:e920c523e3b8a0163fe498af5bf90df35ff51d25;patch:edgesplit-v2,v2=state-seq-ext-raw-tcp-in-process-import; sequence_length=12; inner_state_bytes=393768; tcp_frame_bytes=394093; transfer_seconds=0.089603; slot=0,1802.7777777777778,,valid
117,2026-07-18T09:58:18.277+00:00,wsl-rtx4050+android-phone,split-v1,Llama-3.2-1B-Instruct,Q4_K_M,12,64,0.689778,2.726745,,laptop:e920c523e3b8a0163fe498af5bf90df35ff51d25;phone:e920c523e3b8a0163fe498af5bf90df35ff51d25,v1=slot-save-http-upload-slot-restore; state_bytes=393820; slot=0,1846.7164179104477,,valid
118,2026-07-18T09:58:39.228+00:00,wsl-rtx4050+android-phone2,split-v2,Llama-3.2-1B-Instruct,Q4_K_M,12,64,0.616295,2.894606,,laptop:e920c523e3b8a0163fe498af5bf90df35ff51d25;phone:e920c523e3b8a0163fe498af5bf90df35ff51d25;patch:edgesplit-v2,v2=state-seq-ext-raw-tcp-in-process-import; sequence_length=12; inner_state_bytes=393768; tcp_frame_bytes=394093; transfer_seconds=0.099326; slot=0,1870.4444444444443,,valid
119,2026-07-18T09:59:04.326+00:00,wsl-rtx4050+android-phone,split-v1,Llama-3.2-1B-Instruct,Q4_K_M,12,64,0.701912,2.791502,,laptop:e920c523e3b8a0163fe498af5bf90df35ff51d25;phone:e920c523e3b8a0163fe498af5bf90df35ff51d25,v1=slot-save-http-upload-slot-restore; state_bytes=393820; slot=0,7095.391304347826,,valid
120,2026-07-18T09:59:30.478+00:00,wsl-rtx4050+android-phone2,split-v2,Llama-3.2-1B-Instruct,Q4_K_M,12,64,0.623166,2.613385,,laptop:e920c523e3b8a0163fe498af5bf90df35ff51d25;phone:e920c523e3b8a0163fe498af5bf90df35ff51d25;patch:edgesplit-v2,v2=state-seq-ext-raw-tcp-in-process-import; sequence_length=12; inner_state_bytes=393768; tcp_frame_bytes=394093; transfer_seconds=0.105454; slot=0,6724.961240310077,,valid
121,2026-07-18T09:59:54.954+00:00,wsl-rtx4050+android-phone,split-v1,Llama-3.2-1B-Instruct,Q4_K_M,12,64,0.733039,2.862397,,laptop:e920c523e3b8a0163fe498af5bf90df35ff51d25;phone:e920c523e3b8a0163fe498af5bf90df35ff51d25,v1=slot-save-http-upload-slot-restore; state_bytes=393820; slot=0,2329.685039370079,,valid
122,2026-07-18T10:00:16.368+00:00,wsl-rtx4050+android-phone2,split-v2,Llama-3.2-1B-Instruct,Q4_K_M,12,64,0.596713,2.831437,,laptop:e920c523e3b8a0163fe498af5bf90df35ff51d25;phone:e920c523e3b8a0163fe498af5bf90df35ff51d25;patch:edgesplit-v2,v2=state-seq-ext-raw-tcp-in-process-import; sequence_length=12; inner_state_bytes=393768; tcp_frame_bytes=394093; transfer_seconds=0.091697; slot=0,6875.954198473282,,valid
123,2026-07-18T10:00:42.637+00:00,wsl-rtx4050+android-phone,split-v1,Llama-3.2-1B-Instruct,Q4_K_M,12,64,0.654911,2.627483,,laptop:e920c523e3b8a0163fe498af5bf90df35ff51d25;phone:e920c523e3b8a0163fe498af5bf90df35ff51d25,v1=slot-save-http-upload-slot-restore; state_bytes=393820; slot=0,2100.204081632653,,valid
124,2026-07-18T10:01:08.078+00:00,wsl-rtx4050+android-phone2,split-v2,Llama-3.2-1B-Instruct,Q4_K_M,12,64,0.627142,2.692566,,laptop:e920c523e3b8a0163fe498af5bf90df35ff51d25;phone:e920c523e3b8a0163fe498af5bf90df35ff51d25;patch:edgesplit-v2,v2=state-seq-ext-raw-tcp-in-process-import; sequence_length=12; inner_state_bytes=393768; tcp_frame_bytes=394093; transfer_seconds=0.112755; slot=0,2093.1372549019607,,valid
127,2026-07-18T10:06:20.659+00:00,wsl-rtx4050+android-phone,split-v1,Llama-3.2-1B-Instruct,Q4_0,12,64,0.639634,3.169026,,laptop:e920c523e3b8a0163fe498af5bf90df35ff51d25;phone:e920c523e3b8a0163fe498af5bf90df35ff51d25,v1=slot-save-http-upload-slot-restore; state_bytes=393820; slot=0,1887.2380952380952,,valid
128,2026-07-18T10:06:40.616+00:00,wsl-rtx4050+android-phone2,split-v2,Llama-3.2-1B-Instruct,Q4_0,12,64,0.624452,3.042719,,laptop:e920c523e3b8a0163fe498af5bf90df35ff51d25;phone:e920c523e3b8a0163fe498af5bf90df35ff51d25;patch:edgesplit-v2,v2=state-seq-ext-raw-tcp-in-process-import; sequence_length=12; inner_state_bytes=393768; tcp_frame_bytes=394093; transfer_seconds=0.105035; slot=0,1803.482142857143,,valid
129,2026-07-18T10:07:06.599+00:00,wsl-rtx4050+android-phone,split-v1,Llama-3.2-1B-Instruct,Q4_0,12,64,0.677358,2.664955,,laptop:e920c523e3b8a0163fe498af5bf90df35ff51d25;phone:e920c523e3b8a0163fe498af5bf90df35ff51d25,v1=slot-save-http-upload-slot-restore; state_bytes=393820; slot=0,1886.608695652174,,valid
130,2026-07-18T10:07:31.380+00:00,wsl-rtx4050+android-phone2,split-v2,Llama-3.2-1B-Instruct,Q4_0,12,64,0.630372,2.7716,,laptop:e920c523e3b8a0163fe498af5bf90df35ff51d25;phone:e920c523e3b8a0163fe498af5bf90df35ff51d25;patch:edgesplit-v2,v2=state-seq-ext-raw-tcp-in-process-import; sequence_length=12; inner_state_bytes=393768; tcp_frame_bytes=394093; transfer_seconds=0.087898; slot=0,1805.8677685950413,,valid
131,2026-07-18T10:07:53.831+00:00,wsl-rtx4050+android-phone,split-v1,Llama-3.2-1B-Instruct,Q4_0,12,64,0.702038,2.737752,,laptop:e920c523e3b8a0163fe498af5bf90df35ff51d25;phone:e920c523e3b8a0163fe498af5bf90df35ff51d25,v1=slot-save-http-upload-slot-restore; state_bytes=393820; slot=0,1783.52,,valid
132,2026-07-18T10:08:17.395+00:00,wsl-rtx4050+android-phone2,split-v2,Llama-3.2-1B-Instruct,Q4_0,12,64,0.654207,2.949708,,laptop:e920c523e3b8a0163fe498af5bf90df35ff51d25;phone:e920c523e3b8a0163fe498af5bf90df35ff51d25;patch:edgesplit-v2,v2=state-seq-ext-raw-tcp-in-process-import; sequence_length=12; inner_state_bytes=393768; tcp_frame_bytes=394093; transfer_seconds=0.126147; slot=0,1844.453781512605,,valid
133,2026-07-18T10:08:41.471+00:00,wsl-rtx4050+android-phone,split-v1,Llama-3.2-1B-Instruct,Q4_0,12,64,0.69533,2.915866,,laptop:e920c523e3b8a0163fe498af5bf90df35ff51d25;phone:e920c523e3b8a0163fe498af5bf90df35ff51d25,v1=slot-save-http-upload-slot-restore; state_bytes=393820; slot=0,1763.2089552238806,,valid
134,2026-07-18T10:09:02.658+00:00,wsl-rtx4050+android-phone2,split-v2,Llama-3.2-1B-Instruct,Q4_0,12,64,0.584174,2.856827,,laptop:e920c523e3b8a0163fe498af5bf90df35ff51d25;phone:e920c523e3b8a0163fe498af5bf90df35ff51d25;patch:edgesplit-v2,v2=state-seq-ext-raw-tcp-in-process-import; sequence_length=12; inner_state_bytes=393768; tcp_frame_bytes=394093; transfer_seconds=0.107140; slot=0,1772.0714285714287,,valid
135,2026-07-18T10:09:27.464+00:00,wsl-rtx4050+android-phone,split-v1,Llama-3.2-1B-Instruct,Q4_0,12,64,1.343234,2.90894,,laptop:e920c523e3b8a0163fe498af5bf90df35ff51d25;phone:e920c523e3b8a0163fe498af5bf90df35ff51d25,v1=slot-save-http-upload-slot-restore; state_bytes=393820; slot=0,1795.2845528455284,,valid
136,2026-07-18T10:09:51.689+00:00,wsl-rtx4050+android-phone2,split-v2,Llama-3.2-1B-Instruct,Q4_0,12,64,0.608484,2.846617,,laptop:e920c523e3b8a0163fe498af5bf90df35ff51d25;phone:e920c523e3b8a0163fe498af5bf90df35ff51d25;patch:edgesplit-v2,v2=state-seq-ext-raw-tcp-in-process-import; sequence_length=12; inner_state_bytes=393768; tcp_frame_bytes=394093; transfer_seconds=0.116541; slot=0,1841.5671641791046,,valid
139,2026-07-18T10:15:21.951+00:00,wsl-rtx4050+android-phone,split-v1,Qwen3-0.6B,Q4_K_M,11,16,1.331018,8.66286,,laptop:e920c523e3b8a0163fe498af5bf90df35ff51d25;phone:e920c523e3b8a0163fe498af5bf90df35ff51d25,v1=slot-save-http-upload-slot-restore; state_bytes=1262444; slot=0,2077.5,,valid
140,2026-07-18T10:15:24.423+00:00,wsl-rtx4050+android-phone2,split-v2,Qwen3-0.6B,Q4_K_M,11,16,0.690667,8.526317,,laptop:e920c523e3b8a0163fe498af5bf90df35ff51d25;phone:e920c523e3b8a0163fe498af5bf90df35ff51d25;patch:edgesplit-v2,v2=state-seq-ext-raw-tcp-in-process-import; sequence_length=11; inner_state_bytes=1262396; tcp_frame_bytes=1262706; transfer_seconds=0.245952; slot=0,2305.625,,valid
141,2026-07-18T10:15:30.355+00:00,wsl-rtx4050+android-phone,split-v1,Qwen3-0.6B,Q4_K_M,11,16,3.923829,8.819883,,laptop:e920c523e3b8a0163fe498af5bf90df35ff51d25;phone:e920c523e3b8a0163fe498af5bf90df35ff51d25,v1=slot-save-http-upload-slot-restore; state_bytes=1262444; slot=0,2257.9411764705883,,valid
142,2026-07-18T10:15:32.985+00:00,wsl-rtx4050+android-phone2,split-v2,Qwen3-0.6B,Q4_K_M,11,16,0.792813,8.313688,,laptop:e920c523e3b8a0163fe498af5bf90df35ff51d25;phone:e920c523e3b8a0163fe498af5bf90df35ff51d25;patch:edgesplit-v2,v2=state-seq-ext-raw-tcp-in-process-import; sequence_length=11; inner_state_bytes=1262396; tcp_frame_bytes=1262706; transfer_seconds=0.342929; slot=0,2328.0,,valid
143,2026-07-18T10:15:38.831+00:00,wsl-rtx4050+android-phone,split-v1,Qwen3-0.6B,Q4_K_M,11,16,3.599835,8.687295,,laptop:e920c523e3b8a0163fe498af5bf90df35ff51d25;phone:e920c523e3b8a0163fe498af5bf90df35ff51d25,v1=slot-save-http-upload-slot-restore; state_bytes=1262444; slot=0,1952.8125,,valid
144,2026-07-18T10:15:44.184+00:00,wsl-rtx4050+android-phone2,split-v2,Qwen3-0.6B,Q4_K_M,11,16,0.523994,8.023887,,laptop:e920c523e3b8a0163fe498af5bf90df35ff51d25;phone:e920c523e3b8a0163fe498af5bf90df35ff51d25;patch:edgesplit-v2,v2=state-seq-ext-raw-tcp-in-process-import; sequence_length=11; inner_state_bytes=1262396; tcp_frame_bytes=1262706; transfer_seconds=0.162477; slot=0,2342.0,,valid
145,2026-07-18T10:15:48.354+00:00,wsl-rtx4050+android-phone,split-v1,Qwen3-0.6B,Q4_K_M,11,16,2.021737,8.197444,,laptop:e920c523e3b8a0163fe498af5bf90df35ff51d25;phone:e920c523e3b8a0163fe498af5bf90df35ff51d25,v1=slot-save-http-upload-slot-restore; state_bytes=1262444; slot=0,2194.1666666666665,,valid
146,2026-07-18T10:15:51.609+00:00,wsl-rtx4050+android-phone2,split-v2,Qwen3-0.6B,Q4_K_M,11,16,1.234473,7.914026,,laptop:e920c523e3b8a0163fe498af5bf90df35ff51d25;phone:e920c523e3b8a0163fe498af5bf90df35ff51d25;patch:edgesplit-v2,v2=state-seq-ext-raw-tcp-in-process-import; sequence_length=11; inner_state_bytes=1262396; tcp_frame_bytes=1262706; transfer_seconds=0.876901; slot=0,2423.684210526316,,valid
147,2026-07-18T10:15:55.094+00:00,wsl-rtx4050+android-phone,split-v1,Qwen3-0.6B,Q4_K_M,11,16,1.247855,7.842749,,laptop:e920c523e3b8a0163fe498af5bf90df35ff51d25;phone:e920c523e3b8a0163fe498af5bf90df35ff51d25,v1=slot-save-http-upload-slot-restore; state_bytes=1262444; slot=0,2366.6666666666665,,valid
148,2026-07-18T10:15:58.043+00:00,wsl-rtx4050+android-phone2,split-v2,Qwen3-0.6B,Q4_K_M,11,16,0.962498,7.60963,,laptop:e920c523e3b8a0163fe498af5bf90df35ff51d25;phone:e920c523e3b8a0163fe498af5bf90df35ff51d25;patch:edgesplit-v2,v2=state-seq-ext-raw-tcp-in-process-import; sequence_length=11; inner_state_bytes=1262396; tcp_frame_bytes=1262706; transfer_seconds=0.532732; slot=0,2510.0,,valid
151,2026-07-18T10:19:22.153+00:00,wsl-rtx4050+android-phone,split-v1,Qwen3-0.6B,Q4_0,11,16,3.352135,9.4098,,laptop:e920c523e3b8a0163fe498af5bf90df35ff51d25;phone:e920c523e3b8a0163fe498af5bf90df35ff51d25,v1=slot-save-http-upload-slot-restore; state_bytes=1262444; slot=0,1961.2903225806451,,valid
152,2026-07-18T10:19:24.500+00:00,wsl-rtx4050+android-phone2,split-v2,Qwen3-0.6B,Q4_0,11,16,0.657857,9.160576,,laptop:e920c523e3b8a0163fe498af5bf90df35ff51d25;phone:e920c523e3b8a0163fe498af5bf90df35ff51d25;patch:edgesplit-v2,v2=state-seq-ext-raw-tcp-in-process-import; sequence_length=11; inner_state_bytes=1262396; tcp_frame_bytes=1262706; transfer_seconds=0.274141; slot=0,2464.1666666666665,,valid
153,2026-07-18T10:19:30.506+00:00,wsl-rtx4050+android-phone,split-v1,Qwen3-0.6B,Q4_0,11,16,4.086744,9.262256,,laptop:e920c523e3b8a0163fe498af5bf90df35ff51d25;phone:e920c523e3b8a0163fe498af5bf90df35ff51d25,v1=slot-save-http-upload-slot-restore; state_bytes=1262444; slot=0,2171.4285714285716,,valid
154,2026-07-18T10:19:32.846+00:00,wsl-rtx4050+android-phone2,split-v2,Qwen3-0.6B,Q4_0,11,16,0.650125,9.201526,,laptop:e920c523e3b8a0163fe498af5bf90df35ff51d25;phone:e920c523e3b8a0163fe498af5bf90df35ff51d25;patch:edgesplit-v2,v2=state-seq-ext-raw-tcp-in-process-import; sequence_length=11; inner_state_bytes=1262396; tcp_frame_bytes=1262706; transfer_seconds=0.277832; slot=0,2533.6363636363635,,valid
155,2026-07-18T10:19:38.278+00:00,wsl-rtx4050+android-phone,split-v1,Qwen3-0.6B,Q4_0,11,16,3.405978,9.195376,,laptop:e920c523e3b8a0163fe498af5bf90df35ff51d25;phone:e920c523e3b8a0163fe498af5bf90df35ff51d25,v1=slot-save-http-upload-slot-restore; state_bytes=1262444; slot=0,2134.1666666666665,,valid
156,2026-07-18T10:19:40.588+00:00,wsl-rtx4050+android-phone2,split-v2,Qwen3-0.6B,Q4_0,11,16,0.611717,9.017869,,laptop:e920c523e3b8a0163fe498af5bf90df35ff51d25;phone:e920c523e3b8a0163fe498af5bf90df35ff51d25;patch:edgesplit-v2,v2=state-seq-ext-raw-tcp-in-process-import; sequence_length=11; inner_state_bytes=1262396; tcp_frame_bytes=1262706; transfer_seconds=0.279852; slot=0,2682.5,,valid
157,2026-07-18T10:19:49.572+00:00,wsl-rtx4050+android-phone,split-v1,Qwen3-0.6B,Q4_0,11,16,3.691703,9.241082,,laptop:e920c523e3b8a0163fe498af5bf90df35ff51d25;phone:e920c523e3b8a0163fe498af5bf90df35ff51d25,v1=slot-save-http-upload-slot-restore; state_bytes=1262444; slot=0,2038.4,,valid
158,2026-07-18T10:19:51.888+00:00,wsl-rtx4050+android-phone2,split-v2,Qwen3-0.6B,Q4_0,11,16,0.566184,8.86858,,laptop:e920c523e3b8a0163fe498af5bf90df35ff51d25;phone:e920c523e3b8a0163fe498af5bf90df35ff51d25;patch:edgesplit-v2,v2=state-seq-ext-raw-tcp-in-process-import; sequence_length=11; inner_state_bytes=1262396; tcp_frame_bytes=1262706; transfer_seconds=0.230441; slot=0,2491.6666666666665,,valid
159,2026-07-18T10:19:57.226+00:00,wsl-rtx4050+android-phone,split-v1,Qwen3-0.6B,Q4_0,11,16,3.307945,9.292277,,laptop:e920c523e3b8a0163fe498af5bf90df35ff51d25;phone:e920c523e3b8a0163fe498af5bf90df35ff51d25,v1=slot-save-http-upload-slot-restore; state_bytes=1262444; slot=0,2111.8518518518517,,valid
160,2026-07-18T10:19:59.693+00:00,wsl-rtx4050+android-phone2,split-v2,Qwen3-0.6B,Q4_0,11,16,0.672544,8.648784,,laptop:e920c523e3b8a0163fe498af5bf90df35ff51d25;phone:e920c523e3b8a0163fe498af5bf90df35ff51d25;patch:edgesplit-v2,v2=state-seq-ext-raw-tcp-in-process-import; sequence_length=11; inner_state_bytes=1262396; tcp_frame_bytes=1262706; transfer_seconds=0.265828; slot=0,2294.6666666666665,,valid
163,2026-07-18T10:22:48.710+00:00,wsl-rtx4050+android-phone,split-v1,Qwen3-0.6B,Q8_0,11,16,2.910344,8.240826,,laptop:e920c523e3b8a0163fe498af5bf90df35ff51d25;phone:e920c523e3b8a0163fe498af5bf90df35ff51d25,v1=slot-save-http-upload-slot-restore; state_bytes=1262444; slot=0,1925.8620689655172,,valid
164,2026-07-18T10:22:51.303+00:00,wsl-rtx4050+android-phone2,split-v2,Qwen3-0.6B,Q8_0,11,16,0.569294,7.622492,,laptop:e920c523e3b8a0163fe498af5bf90df35ff51d25;phone:e920c523e3b8a0163fe498af5bf90df35ff51d25;patch:edgesplit-v2,v2=state-seq-ext-raw-tcp-in-process-import; sequence_length=11; inner_state_bytes=1262396; tcp_frame_bytes=1262706; transfer_seconds=0.178437; slot=0,2217.3333333333335,,valid
165,2026-07-18T10:22:57.170+00:00,wsl-rtx4050+android-phone,split-v1,Qwen3-0.6B,Q8_0,11,16,3.734937,8.350683,,laptop:e920c523e3b8a0163fe498af5bf90df35ff51d25;phone:e920c523e3b8a0163fe498af5bf90df35ff51d25,v1=slot-save-http-upload-slot-restore; state_bytes=1262444; slot=0,2118.9655172413795,,valid
166,2026-07-18T10:22:59.786+00:00,wsl-rtx4050+android-phone2,split-v2,Qwen3-0.6B,Q8_0,11,16,0.723829,8.004318,,laptop:e920c523e3b8a0163fe498af5bf90df35ff51d25;phone:e920c523e3b8a0163fe498af5bf90df35ff51d25;patch:edgesplit-v2,v2=state-seq-ext-raw-tcp-in-process-import; sequence_length=11; inner_state_bytes=1262396; tcp_frame_bytes=1262706; transfer_seconds=0.290343; slot=0,2398.823529411765,,valid
167,2026-07-18T10:23:04.720+00:00,wsl-rtx4050+android-phone,split-v1,Qwen3-0.6B,Q8_0,11,16,2.835096,8.316592,,laptop:e920c523e3b8a0163fe498af5bf90df35ff51d25;phone:e920c523e3b8a0163fe498af5bf90df35ff51d25,v1=slot-save-http-upload-slot-restore; state_bytes=1262444; slot=0,2206.296296296296,,valid
168,2026-07-18T10:23:07.517+00:00,wsl-rtx4050+android-phone2,split-v2,Qwen3-0.6B,Q8_0,11,16,0.59355,6.86669,,laptop:e920c523e3b8a0163fe498af5bf90df35ff51d25;phone:e920c523e3b8a0163fe498af5bf90df35ff51d25;patch:edgesplit-v2,v2=state-seq-ext-raw-tcp-in-process-import; sequence_length=11; inner_state_bytes=1262396; tcp_frame_bytes=1262706; transfer_seconds=0.203009; slot=0,2794.6153846153848,,valid
169,2026-07-18T10:23:13.312+00:00,wsl-rtx4050+android-phone,split-v1,Qwen3-0.6B,Q8_0,11,16,3.681052,8.213169,,laptop:e920c523e3b8a0163fe498af5bf90df35ff51d25;phone:e920c523e3b8a0163fe498af5bf90df35ff51d25,v1=slot-save-http-upload-slot-restore; state_bytes=1262444; slot=0,2089.375,,valid
170,2026-07-18T10:23:16.198+00:00,wsl-rtx4050+android-phone2,split-v2,Qwen3-0.6B,Q8_0,11,16,0.656608,6.864263,,laptop:e920c523e3b8a0163fe498af5bf90df35ff51d25;phone:e920c523e3b8a0163fe498af5bf90df35ff51d25;patch:edgesplit-v2,v2=state-seq-ext-raw-tcp-in-process-import; sequence_length=11; inner_state_bytes=1262396; tcp_frame_bytes=1262706; transfer_seconds=0.254520; slot=0,2406.842105263158,,valid
171,2026-07-18T10:23:25.357+00:00,wsl-rtx4050+android-phone,split-v1,Qwen3-0.6B,Q8_0,11,16,3.860415,7.516918,,laptop:e920c523e3b8a0163fe498af5bf90df35ff51d25;phone:e920c523e3b8a0163fe498af5bf90df35ff51d25,v1=slot-save-http-upload-slot-restore; state_bytes=1262444; slot=0,2008.974358974359,,valid
172,2026-07-18T10:23:28.064+00:00,wsl-rtx4050+android-phone2,split-v2,Qwen3-0.6B,Q8_0,11,16,0.505864,6.947318,,laptop:e920c523e3b8a0163fe498af5bf90df35ff51d25;phone:e920c523e3b8a0163fe498af5bf90df35ff51d25;patch:edgesplit-v2,v2=state-seq-ext-raw-tcp-in-process-import; sequence_length=11; inner_state_bytes=1262396; tcp_frame_bytes=1262706; transfer_seconds=0.157757; slot=0,2170.0,,valid
173,2026-07-19T09:32:12.571+00:00,wsl-rtx4050+android-phone,split-v1,Qwen3-0.6B,Q4_K_M,11,8,0.942793,8.878826,,laptop:e920c523e3b8a0163fe498af5bf90df35ff51d25;phone:e920c523e3b8a0163fe498af5bf90df35ff51d25;path:v1-file,v1=slot-save-http-upload-slot-restore; state_bytes=1262444; slot=0,,,valid
174,2026-07-19T09:32:14.303+00:00,wsl-rtx4050+android-phone2,split-v2,Qwen3-0.6B,Q4_K_M,11,8,0.91896,9.278837,,laptop:e920c523e3b8a0163fe498af5bf90df35ff51d25;phone:e920c523e3b8a0163fe498af5bf90df35ff51d25;patch:edgesplit-v2,v2=state-seq-ext-raw-tcp-in-process-import; sequence_length=11; inner_state_bytes=1262396; tcp_frame_bytes=1262706; transfer_seconds=0.491857; slot=0,,,valid
175,2026-07-19T09:42:02.812+00:00,wsl-rtx4050+android-phone,split-v1,Qwen3-0.6B,Q4_K_M,11,16,0.639039,7.82638,,laptop:e920c523e3b8a0163fe498af5bf90df35ff51d25;phone:e920c523e3b8a0163fe498af5bf90df35ff51d25;path:v1-file,v1=slot-save-http-upload-slot-restore; state_bytes=1262444; slot=0,,,valid
176,2026-07-19T09:43:35.025+00:00,wsl-rtx4050+android-phone2,split-v2,Qwen3-0.6B,Q4_K_M,11,16,0.628847,8.094426,,laptop:e920c523e3b8a0163fe498af5bf90df35ff51d25;phone:e920c523e3b8a0163fe498af5bf90df35ff51d25;patch:edgesplit-v2,v2=state-seq-ext-raw-tcp-in-process-import; sequence_length=11; inner_state_bytes=1262396; tcp_frame_bytes=1262706; transfer_seconds=0.268632; slot=0,,,valid
177,2026-07-19T09:44:52.635+00:00,wsl-rtx4050+android-phone,split-v1,Qwen3-0.6B,Q4_K_M,11,32,1.08022,7.932972,,laptop:e920c523e3b8a0163fe498af5bf90df35ff51d25;phone:e920c523e3b8a0163fe498af5bf90df35ff51d25;path:v1-file,v1=slot-save-http-upload-slot-restore; state_bytes=1262444; slot=0,,,valid
178,2026-07-19T09:45:50.194+00:00,wsl-rtx4050+android-phone2,split-v2,Qwen3-0.6B,Q4_K_M,11,100,1.466041,6.870458,,laptop:e920c523e3b8a0163fe498af5bf90df35ff51d25;phone:e920c523e3b8a0163fe498af5bf90df35ff51d25;patch:edgesplit-v2,v2=state-seq-ext-raw-tcp-in-process-import; sequence_length=11; inner_state_bytes=1262396; tcp_frame_bytes=1262706; transfer_seconds=1.128466; slot=0,,,valid
179,2026-07-19T09:47:53.754+00:00,wsl-rtx4050+android-phone,split-v1,Qwen3-0.6B,Q4_K_M,11,70,0.660113,7.715793,,laptop:e920c523e3b8a0163fe498af5bf90df35ff51d25;phone:e920c523e3b8a0163fe498af5bf90df35ff51d25;path:v1-file,v1=slot-save-http-upload-slot-restore; state_bytes=1262444; slot=0,,,valid
180,2026-07-19T09:49:11.517+00:00,wsl-rtx4050+android-phone,split-v1,Qwen3-0.6B,Q4_K_M,11,70,0.841811,7.276001,,laptop:e920c523e3b8a0163fe498af5bf90df35ff51d25;phone:e920c523e3b8a0163fe498af5bf90df35ff51d25;path:v1-file,v1=slot-save-http-upload-slot-restore; state_bytes=1262444; slot=0,,,valid
181,2026-07-19T09:51:04.510+00:00,wsl-rtx4050+android-phone,split-v1,Qwen3-0.6B,Q4_K_M,11,16,1.006821,8.629091,,laptop:e920c523e3b8a0163fe498af5bf90df35ff51d25;phone:e920c523e3b8a0163fe498af5bf90df35ff51d25;path:v1-file,v1=slot-save-http-upload-slot-restore; state_bytes=1262444; slot=0,,,valid
182,2026-07-19T09:56:08.995+00:00,wsl-rtx4050+android-phone,split-v1,Qwen3-0.6B,Q4_K_M,11,32,0.957854,8.402073,,laptop:e920c523e3b8a0163fe498af5bf90df35ff51d25;phone:e920c523e3b8a0163fe498af5bf90df35ff51d25;path:v1-file,v1=slot-save-http-upload-slot-restore; state_bytes=1262444; slot=0,,,valid
183,2026-07-19T09:56:16.461+00:00,wsl-rtx4050+android-phone2,split-v2,Qwen3-0.6B,Q4_K_M,11,32,0.635716,7.542463,,laptop:e920c523e3b8a0163fe498af5bf90df35ff51d25;phone:e920c523e3b8a0163fe498af5bf90df35ff51d25;patch:edgesplit-v2,v2=state-seq-ext-raw-tcp-in-process-import; sequence_length=11; inner_state_bytes=1262396; tcp_frame_bytes=1262706; transfer_seconds=0.175669; slot=0,,,valid
184,2026-07-19T10:03:27.493+00:00,wsl-rtx4050+android-phone,split-v1,Qwen3-0.6B,Q4_K_M,23,33,1.368588,7.773897,,laptop:e920c523e3b8a0163fe498af5bf90df35ff51d25;phone:e920c523e3b8a0163fe498af5bf90df35ff51d25;path:v1-file,v1=slot-save-http-upload-slot-restore; state_bytes=2638892; slot=0,,,valid
185,2026-07-19T10:03:31.849+00:00,wsl-rtx4050+android-phone2,split-v2,Qwen3-0.6B,Q4_K_M,23,27,0.687223,6.772894,,laptop:e920c523e3b8a0163fe498af5bf90df35ff51d25;phone:e920c523e3b8a0163fe498af5bf90df35ff51d25;patch:edgesplit-v2,v2=state-seq-ext-raw-tcp-in-process-import; sequence_length=23; inner_state_bytes=2638796; tcp_frame_bytes=2639154; transfer_seconds=0.334958; slot=0,,,valid
186,2026-07-19T10:03:56.975+00:00,wsl-rtx4050+android-phone2,split-v2,Qwen3-0.6B,Q4_K_M,23,27,1.434819,7.885645,,laptop:e920c523e3b8a0163fe498af5bf90df35ff51d25;phone:e920c523e3b8a0163fe498af5bf90df35ff51d25;patch:edgesplit-v2,v2=state-seq-ext-raw-tcp-in-process-import; sequence_length=23; inner_state_bytes=2638796; tcp_frame_bytes=2639154; transfer_seconds=1.100528; slot=0,,,valid
187,2026-07-19T10:09:57.043+00:00,wsl-rtx4050+android-phone,split-v1,Qwen3-0.6B,Q4_K_M,23,16,1.853072,8.585501,,laptop:e920c523e3b8a0163fe498af5bf90df35ff51d25;phone:e920c523e3b8a0163fe498af5bf90df35ff51d25;path:v1-file,v1=slot-save-http-upload-slot-restore; state_bytes=2638892; slot=0,,,valid
188,2026-07-19T10:13:15.557+00:00,wsl-rtx4050+android-phone,split-v1,Qwen3-0.6B,Q4_K_M,20,16,0.868897,4.675608,,laptop:e920c523e3b8a0163fe498af5bf90df35ff51d25;phone:e920c523e3b8a0163fe498af5bf90df35ff51d25;path:v1-file,v1=slot-save-http-upload-slot-restore; state_bytes=2294780; slot=0,,,valid
189,2026-07-19T10:29:30.600+00:00,wsl-rtx4050+android-phone,split-v1,Qwen3-0.6B,Q4_K_M,29,32,2.502994,8.314109,,laptop:e920c523e3b8a0163fe498af5bf90df35ff51d25;phone:e920c523e3b8a0163fe498af5bf90df35ff51d25;path:v1-file,v1=slot-save-http-upload-slot-restore; state_bytes=3327116; slot=0,,,valid
190,2026-07-19T10:30:10.114+00:00,wsl-rtx4050+android-phone2,split-v2,Qwen3-0.6B,Q4_K_M,29,32,1.186026,8.299629,,laptop:e920c523e3b8a0163fe498af5bf90df35ff51d25;phone:e920c523e3b8a0163fe498af5bf90df35ff51d25;patch:edgesplit-v2,v2=state-seq-ext-raw-tcp-in-process-import; sequence_length=29; inner_state_bytes=3326996; tcp_frame_bytes=3327378; transfer_seconds=0.745055; slot=0,,,valid
191,2026-07-19T11:52:58.830+00:00,wsl-rtx4050+android-phone,split-v1,Qwen3-0.6B,Q4_K_M,23,16,0.681193,8.744679,,laptop:e920c523e3b8a0163fe498af5bf90df35ff51d25;phone:e920c523e3b8a0163fe498af5bf90df35ff51d25;path:v1-file,v1=slot-save-http-upload-slot-restore; state_bytes=2638892; slot=0,,,valid
192,2026-07-19T11:53:51.583+00:00,wsl-rtx4050+android-phone,split-v1,Qwen3-0.6B,Q4_K_M,29,40,1.622316,8.294245,,laptop:e920c523e3b8a0163fe498af5bf90df35ff51d25;phone:e920c523e3b8a0163fe498af5bf90df35ff51d25;path:v1-file,v1=slot-save-http-upload-slot-restore; state_bytes=3327116; slot=0,,,valid
193,2026-07-19T11:57:05.009+00:00,wsl-rtx4050+android-phone2,split-v2,Qwen3-0.6B,Q4_K_M,29,200,1.460555,6.782926,,laptop:e920c523e3b8a0163fe498af5bf90df35ff51d25;phone:e920c523e3b8a0163fe498af5bf90df35ff51d25;patch:edgesplit-v2,v2=state-seq-ext-raw-tcp-in-process-import; sequence_length=29; inner_state_bytes=3326996; tcp_frame_bytes=3327378; transfer_seconds=0.981578; slot=0,,,valid
194,2026-07-20T04:40:02.178+00:00,wsl-rtx4050+android-phone,split-v1,Qwen3-0.6B,Q4_K_M,23,16,3.77796,8.705124,,laptop:e920c523e3b8a0163fe498af5bf90df35ff51d25;phone:e920c523e3b8a0163fe498af5bf90df35ff51d25;path:v1-file,v1=slot-save-http-upload-slot-restore; state_bytes=2638892; slot=0,,,valid
195,2026-07-20T04:40:35.516+00:00,wsl-rtx4050+android-phone2,split-v2,Qwen3-0.6B,Q4_K_M,23,16,1.004153,8.676521,,laptop:e920c523e3b8a0163fe498af5bf90df35ff51d25;phone:e920c523e3b8a0163fe498af5bf90df35ff51d25;patch:edgesplit-v2,v2=state-seq-ext-raw-tcp-in-process-import; sequence_length=23; inner_state_bytes=2638796; tcp_frame_bytes=2639154; transfer_seconds=0.609744; slot=0,,,valid
196,2026-07-20T04:41:24.953+00:00,wsl-rtx4050+android-phone,split-v1,Qwen3-0.6B,Q4_K_M,23,16,4.013495,8.673478,,laptop:e920c523e3b8a0163fe498af5bf90df35ff51d25;phone:e920c523e3b8a0163fe498af5bf90df35ff51d25;path:v1-file,v1=slot-save-http-upload-slot-restore; state_bytes=2638892; slot=0,,,valid
197,2026-07-20T04:41:45.402+00:00,wsl-rtx4050+android-phone2,split-v2,Qwen3-0.6B,Q4_K_M,23,16,0.893462,8.668779,,laptop:e920c523e3b8a0163fe498af5bf90df35ff51d25;phone:e920c523e3b8a0163fe498af5bf90df35ff51d25;patch:edgesplit-v2,v2=state-seq-ext-raw-tcp-in-process-import; sequence_length=23; inner_state_bytes=2638796; tcp_frame_bytes=2639154; transfer_seconds=0.519170; slot=0,,,valid
198,2026-07-20T05:45:40.828+00:00,wsl-rtx4050+android-phone,split-v1,Qwen3-0.6B,Q4_K_M,23,16,1.422104,8.745645,,laptop:e920c523e3b8a0163fe498af5bf90df35ff51d25;phone:e920c523e3b8a0163fe498af5bf90df35ff51d25;path:v1-file,v1=slot-save-http-upload-slot-restore; state_bytes=2638892; slot=0,,,valid
199,2026-07-20T05:46:02.495+00:00,wsl-rtx4050+android-phone2,split-v2,Qwen3-0.6B,Q4_K_M,23,16,1.949241,8.694542,,laptop:e920c523e3b8a0163fe498af5bf90df35ff51d25;phone:e920c523e3b8a0163fe498af5bf90df35ff51d25;patch:edgesplit-v2,v2=state-seq-ext-raw-tcp-in-process-import; sequence_length=23; inner_state_bytes=2638796; tcp_frame_bytes=2639154; transfer_seconds=1.501447; slot=0,,,valid
200,2026-07-20T07:45:56.120+00:00,wsl-rtx4050+android-phone,split-v1,Qwen3-0.6B,Q4_K_M,23,16,1.409762,8.532865,,laptop:e920c523e3b8a0163fe498af5bf90df35ff51d25;phone:e920c523e3b8a0163fe498af5bf90df35ff51d25;path:v1-file,v1=slot-save-http-upload-slot-restore; state_bytes=2638892; slot=0,,,valid
201,2026-07-20T07:46:09.213+00:00,wsl-rtx4050+android-phone,split-v1,Qwen3-0.6B,Q4_K_M,23,16,1.085602,8.686687,,laptop:e920c523e3b8a0163fe498af5bf90df35ff51d25;phone:e920c523e3b8a0163fe498af5bf90df35ff51d25;path:v1-file,v1=slot-save-http-upload-slot-restore; state_bytes=2638892; slot=0,,,valid
202,2026-07-20T07:46:18.415+00:00,wsl-rtx4050+android-phone2,split-v2,Qwen3-0.6B,Q4_K_M,23,16,1.679092,8.681724,,laptop:e920c523e3b8a0163fe498af5bf90df35ff51d25;phone:e920c523e3b8a0163fe498af5bf90df35ff51d25;patch:edgesplit-v2,v2=state-seq-ext-raw-tcp-in-process-import; sequence_length=23; inner_state_bytes=2638796; tcp_frame_bytes=2639154; transfer_seconds=1.147481; slot=0,,,valid
203,2026-07-20T07:47:38.458+00:00,wsl-rtx4050+android-phone,split-v1,Qwen3-0.6B,Q4_K_M,23,16,1.721868,8.595496,,laptop:e920c523e3b8a0163fe498af5bf90df35ff51d25;phone:e920c523e3b8a0163fe498af5bf90df35ff51d25;path:v1-file,v1=slot-save-http-upload-slot-restore; state_bytes=2638892; slot=0,,,valid
204,2026-07-20T07:47:48.935+00:00,wsl-rtx4050+android-phone2,split-v2,Qwen3-0.6B,Q4_K_M,23,16,0.905207,8.722945,,laptop:e920c523e3b8a0163fe498af5bf90df35ff51d25;phone:e920c523e3b8a0163fe498af5bf90df35ff51d25;patch:edgesplit-v2,v2=state-seq-ext-raw-tcp-in-process-import; sequence_length=23; inner_state_bytes=2638796; tcp_frame_bytes=2639154; transfer_seconds=0.511390; slot=0,,,valid
205,2026-07-20T07:48:12.359+00:00,wsl-rtx4050+android-phone,split-v1,Qwen3-0.6B,Q4_K_M,23,16,1.536711,8.736848,,laptop:e920c523e3b8a0163fe498af5bf90df35ff51d25;phone:e920c523e3b8a0163fe498af5bf90df35ff51d25;path:v1-file,v1=slot-save-http-upload-slot-restore; state_bytes=2638892; slot=0,,,valid
206,2026-07-20T07:48:27.744+00:00,wsl-rtx4050+android-phone2,split-v2,Qwen3-0.6B,Q4_K_M,23,16,1.731534,8.72965,,laptop:e920c523e3b8a0163fe498af5bf90df35ff51d25;phone:e920c523e3b8a0163fe498af5bf90df35ff51d25;patch:edgesplit-v2,v2=state-seq-ext-raw-tcp-in-process-import; sequence_length=23; inner_state_bytes=2638796; tcp_frame_bytes=2639154; transfer_seconds=1.329602; slot=0,,,valid
207,2026-07-20T07:48:41.052+00:00,wsl-rtx4050+android-phone,split-v1,Qwen3-0.6B,Q4_K_M,23,16,1.239032,8.698077,,laptop:e920c523e3b8a0163fe498af5bf90df35ff51d25;phone:e920c523e3b8a0163fe498af5bf90df35ff51d25;path:v1-file,v1=slot-save-http-upload-slot-restore; state_bytes=2638892; slot=0,,,valid
208,2026-07-20T07:48:47.873+00:00,wsl-rtx4050+android-phone2,split-v2,Qwen3-0.6B,Q4_K_M,23,16,1.531253,8.587224,,laptop:e920c523e3b8a0163fe498af5bf90df35ff51d25;phone:e920c523e3b8a0163fe498af5bf90df35ff51d25;patch:edgesplit-v2,v2=state-seq-ext-raw-tcp-in-process-import; sequence_length=23; inner_state_bytes=2638796; tcp_frame_bytes=2639154; transfer_seconds=1.074386; slot=0,,,valid
209,2026-07-20T07:48:58.766+00:00,wsl-rtx4050+android-phone,split-v1,Qwen3-0.6B,Q4_K_M,23,16,0.907941,8.704314,,laptop:e920c523e3b8a0163fe498af5bf90df35ff51d25;phone:e920c523e3b8a0163fe498af5bf90df35ff51d25;path:v1-file,v1=slot-save-http-upload-slot-restore; state_bytes=2638892; slot=0,,,valid
210,2026-07-20T07:49:06.974+00:00,wsl-rtx4050+android-phone2,split-v2,Qwen3-0.6B,Q4_K_M,23,16,1.586691,8.529098,,laptop:e920c523e3b8a0163fe498af5bf90df35ff51d25;phone:e920c523e3b8a0163fe498af5bf90df35ff51d25;patch:edgesplit-v2,v2=state-seq-ext-raw-tcp-in-process-import; sequence_length=23; inner_state_bytes=2638796; tcp_frame_bytes=2639154; transfer_seconds=1.100501; slot=0,,,valid
211,2026-07-20T07:50:41.488+00:00,wsl-rtx4050+android-phone,split-v1,Qwen3-0.6B,Q4_K_M,23,16,1.786826,8.548703,,laptop:e920c523e3b8a0163fe498af5bf90df35ff51d25;phone:e920c523e3b8a0163fe498af5bf90df35ff51d25;path:v1-file,v1=slot-save-http-upload-slot-restore; state_bytes=2638892; slot=0,,,valid
212,2026-07-20T07:50:54.023+00:00,wsl-rtx4050+android-phone2,split-v2,Qwen3-0.6B,Q4_K_M,23,16,0.94506,8.731942,,laptop:e920c523e3b8a0163fe498af5bf90df35ff51d25;phone:e920c523e3b8a0163fe498af5bf90df35ff51d25;patch:edgesplit-v2,v2=state-seq-ext-raw-tcp-in-process-import; sequence_length=23; inner_state_bytes=2638796; tcp_frame_bytes=2639154; transfer_seconds=0.548902; slot=0,,,valid
213,2026-07-20T08:29:40.050+00:00,wsl-rtx4050+android-phone,split-v1,Qwen3-0.6B,Q4_K_M,23,16,1.145181,8.590272,,laptop:e920c523e3b8a0163fe498af5bf90df35ff51d25;phone:e920c523e3b8a0163fe498af5bf90df35ff51d25;path:v1-file,v1=slot-save-http-upload-slot-restore; state_bytes=2638892; slot=0,,,valid
214,2026-07-20T08:29:52.464+00:00,wsl-rtx4050+android-phone2,split-v2,Qwen3-0.6B,Q4_K_M,23,16,1.367203,8.530408,,laptop:e920c523e3b8a0163fe498af5bf90df35ff51d25;phone:e920c523e3b8a0163fe498af5bf90df35ff51d25;patch:edgesplit-v2,v2=state-seq-ext-raw-tcp-in-process-import; sequence_length=23; inner_state_bytes=2638796; tcp_frame_bytes=2639154; transfer_seconds=0.771463; slot=0,,,valid
215,2026-07-20T08:31:54.457+00:00,wsl-rtx4050+android-phone,split-v1,Qwen3-0.6B,Q4_K_M,23,16,1.389256,8.571455,,laptop:e920c523e3b8a0163fe498af5bf90df35ff51d25;phone:e920c523e3b8a0163fe498af5bf90df35ff51d25;path:v1-file,v1=slot-save-http-upload-slot-restore; state_bytes=2638892; slot=0,,,valid
216,2026-07-20T08:32:04.248+00:00,wsl-rtx4050+android-phone2,split-v2,Qwen3-0.6B,Q4_K_M,23,16,1.117132,8.703637,,laptop:e920c523e3b8a0163fe498af5bf90df35ff51d25;phone:e920c523e3b8a0163fe498af5bf90df35ff51d25;patch:edgesplit-v2,v2=state-seq-ext-raw-tcp-in-process-import; sequence_length=23; inner_state_bytes=2638796; tcp_frame_bytes=2639154; transfer_seconds=0.725640; slot=0,,,valid
217,2026-07-20T08:33:07.594+00:00,wsl-rtx4050+android-phone,split-v1,Qwen3-0.6B,Q4_K_M,23,16,1.381032,8.669714,,laptop:e920c523e3b8a0163fe498af5bf90df35ff51d25;phone:e920c523e3b8a0163fe498af5bf90df35ff51d25;path:v1-file,v1=slot-save-http-upload-slot-restore; state_bytes=2638892; slot=0,,,valid
218,2026-07-20T08:33:22.127+00:00,wsl-rtx4050+android-phone2,split-v2,Qwen3-0.6B,Q4_K_M,23,16,1.061318,4.661605,,laptop:e920c523e3b8a0163fe498af5bf90df35ff51d25;phone:e920c523e3b8a0163fe498af5bf90df35ff51d25;patch:edgesplit-v2,v2=state-seq-ext-raw-tcp-in-process-import; sequence_length=23; inner_state_bytes=2638796; tcp_frame_bytes=2639154; transfer_seconds=0.628576; slot=0,,,valid
219,2026-07-20T08:34:21.328+00:00,wsl-rtx4050+android-phone,split-v1,Qwen3-0.6B,Q4_K_M,23,16,1.342218,8.589101,,laptop:e920c523e3b8a0163fe498af5bf90df35ff51d25;phone:e920c523e3b8a0163fe498af5bf90df35ff51d25;path:v1-file,v1=slot-save-http-upload-slot-restore; state_bytes=2638892; slot=0,,,valid
220,2026-07-20T08:34:35.684+00:00,wsl-rtx4050+android-phone2,split-v2,Qwen3-0.6B,Q4_K_M,23,16,0.896993,8.535109,,laptop:e920c523e3b8a0163fe498af5bf90df35ff51d25;phone:e920c523e3b8a0163fe498af5bf90df35ff51d25;patch:edgesplit-v2,v2=state-seq-ext-raw-tcp-in-process-import; sequence_length=23; inner_state_bytes=2638796; tcp_frame_bytes=2639154; transfer_seconds=0.427464; slot=0,,,valid
223,2026-07-20T10:09:42.260+00:00,wsl-rtx4050+android-phone,split-v1,Llama-3.2-1B-Instruct,Q4_K_M,46,56,1.680497,3.472338,,laptop:e920c523e3b8a0163fe498af5bf90df35ff51d25;phone:e920c523e3b8a0163fe498af5bf90df35ff51d25;path:v1-file,v1=slot-save-http-upload-slot-restore; state_bytes=1508476; slot=0,2070.2061855670104,,valid
224,2026-07-20T10:09:59.383+00:00,wsl-rtx4050+android-phone2,split-v2,Llama-3.2-1B-Instruct,Q4_K_M,46,56,0.849332,3.466259,,laptop:e920c523e3b8a0163fe498af5bf90df35ff51d25;phone:e920c523e3b8a0163fe498af5bf90df35ff51d25;patch:edgesplit-v2,v2=state-seq-ext-raw-tcp-in-process-import; sequence_length=46; inner_state_bytes=1508288; tcp_frame_bytes=1508749; transfer_seconds=0.274396; slot=0,2010.4494382022472,,valid
225,2026-07-20T10:10:17.362+00:00,wsl-rtx4050+android-phone,split-v1,Llama-3.2-1B-Instruct,Q4_K_M,46,56,1.611201,3.503638,,laptop:e920c523e3b8a0163fe498af5bf90df35ff51d25;phone:e920c523e3b8a0163fe498af5bf90df35ff51d25;path:v1-file,v1=slot-save-http-upload-slot-restore; state_bytes=1508476; slot=0,2958.469387755102,,valid
226,2026-07-20T10:10:34.722+00:00,wsl-rtx4050+android-phone2,split-v2,Llama-3.2-1B-Instruct,Q4_K_M,46,56,0.981778,3.452816,,laptop:e920c523e3b8a0163fe498af5bf90df35ff51d25;phone:e920c523e3b8a0163fe498af5bf90df35ff51d25;patch:edgesplit-v2,v2=state-seq-ext-raw-tcp-in-process-import; sequence_length=46; inner_state_bytes=1508288; tcp_frame_bytes=1508749; transfer_seconds=0.312877; slot=0,2074.2105263157896,,valid
227,2026-07-20T10:10:52.644+00:00,wsl-rtx4050+android-phone,split-v1,Llama-3.2-1B-Instruct,Q4_K_M,46,56,1.473265,3.470718,,laptop:e920c523e3b8a0163fe498af5bf90df35ff51d25;phone:e920c523e3b8a0163fe498af5bf90df35ff51d25;path:v1-file,v1=slot-save-http-upload-slot-restore; state_bytes=1508476; slot=0,1975.4285714285713,,valid
228,2026-07-20T10:11:10.848+00:00,wsl-rtx4050+android-phone2,split-v2,Llama-3.2-1B-Instruct,Q4_K_M,46,56,0.963191,3.2949,,laptop:e920c523e3b8a0163fe498af5bf90df35ff51d25;phone:e920c523e3b8a0163fe498af5bf90df35ff51d25;patch:edgesplit-v2,v2=state-seq-ext-raw-tcp-in-process-import; sequence_length=46; inner_state_bytes=1508288; tcp_frame_bytes=1508749; transfer_seconds=0.353398; slot=0,2043.069306930693,,valid
229,2026-07-20T10:11:28.398+00:00,wsl-rtx4050+android-phone,split-v1,Llama-3.2-1B-Instruct,Q4_K_M,46,56,0.984485,3.44167,,laptop:e920c523e3b8a0163fe498af5bf90df35ff51d25;phone:e920c523e3b8a0163fe498af5bf90df35ff51d25;path:v1-file,v1=slot-save-http-upload-slot-restore; state_bytes=1508476; slot=0,2966.0,,valid
230,2026-07-20T10:11:45.715+00:00,wsl-rtx4050+android-phone2,split-v2,Llama-3.2-1B-Instruct,Q4_K_M,46,56,0.981358,3.460671,,laptop:e920c523e3b8a0163fe498af5bf90df35ff51d25;phone:e920c523e3b8a0163fe498af5bf90df35ff51d25;patch:edgesplit-v2,v2=state-seq-ext-raw-tcp-in-process-import; sequence_length=46; inner_state_bytes=1508288; tcp_frame_bytes=1508749; transfer_seconds=0.279975; slot=0,1947.2815533980583,,valid
231,2026-07-20T10:12:04.026+00:00,wsl-rtx4050+android-phone,split-v1,Llama-3.2-1B-Instruct,Q4_K_M,46,56,1.82527,3.462027,,laptop:e920c523e3b8a0163fe498af5bf90df35ff51d25;phone:e920c523e3b8a0163fe498af5bf90df35ff51d25;path:v1-file,v1=slot-save-http-upload-slot-restore; state_bytes=1508476; slot=0,3115.3571428571427,,valid
232,2026-07-20T10:12:21.597+00:00,wsl-rtx4050+android-phone2,split-v2,Llama-3.2-1B-Instruct,Q4_K_M,46,56,0.954065,3.396006,,laptop:e920c523e3b8a0163fe498af5bf90df35ff51d25;phone:e920c523e3b8a0163fe498af5bf90df35ff51d25;patch:edgesplit-v2,v2=state-seq-ext-raw-tcp-in-process-import; sequence_length=46; inner_state_bytes=1508288; tcp_frame_bytes=1508749; transfer_seconds=0.349883; slot=0,2718.0733944954127,,valid
